formule a recommend�;allegation;theme
vitamine C;Je souhaite renforcer mon organisme de mani�re naturelle.;energie
vitamine B12;Je souhaite renforcer mon organisme de mani�re naturelle.;energie
Acide folique ;Je souhaite renforcer mon organisme de mani�re naturelle.;energie
spirulina ;Je souhaite renforcer mon organisme de mani�re naturelle.;energie
ginseng ;Je souhaite renforcer mon organisme de mani�re naturelle.;energie
rhodiola ;Je souhaite renforcer mon organisme de mani�re naturelle.;energie
Gelee royal;Je souhaite renforcer mon organisme de mani�re naturelle.;energie
ginseng ;Je souhaite renforcer mon organisme de mani�re naturelle.;energie
myrtille;Je souhaite renforcer mon organisme de mani�re naturelle.;energie
Ginseng ;Je souhaite renforcer mon organisme de mani�re naturelle.;energie
th� vert;Je cherche une alternative naturelle au caf�.;energie
Guarana ;Je cherche une alternative naturelle au caf�.;energie
Fer,;Je me sens extremement fatigu�;energie
Vitamine B12;Je me sens extremement fatigu�;energie
Vitamine C;Je me sens extremement fatigu�;energie
Coenzyme Q10;Je me sens extremement fatigu�;energie
Ginseng;Je me sens extremement fatigu�;energie
Vitamines du groupe B;Je me sens toujours fatigu�;energie
magn�sium;Je me sens toujours fatigu�;energie
fer;Je me sens toujours fatigu�;energie
coenzyme q10;Je me sens toujours fatigu�;energie
ginseng;Je me sens toujours fatigu�;energie
gelee royale ;Je me sens toujours fatigu�;energie
spiruline ;Je me sens toujours fatigu�;energie
Caf�ine;J'ai besoin d'un coup de boost momentan�.;energie
guarana ;J'ai besoin d'un coup de boost momentan�.;energie
ginseng;J'ai besoin d'un coup de boost momentan�.;energie
taurine ;J'ai besoin d'un coup de boost momentan�.;energie
vitamine du groupe B;J'ai besoin d'un coup de boost momentan�.;energie
vitamine D;Je tombe souvent malade. ( ==> sommeil pont ) ;Immunit�
zinc;Je tombe souvent malade. ( ==> sommeil pont ) ;Immunit�
echinacee;Je tombe souvent malade. ( ==> sommeil pont ) ;Immunit�
propolis ;Je tombe souvent malade. ( ==> sommeil pont ) ;Immunit�
propolis ;Je tombe souvent malade. ( ==> sommeil pont ) ;Immunit�
�chinac�e ;Je tombe souvent malade. ( ==> sommeil pont ) ;Immunit�
